user_id,name,email,location
U0001,Melissa Reynolds,fmyers@lopez.net,New Toddview
U0002,Kelly Dalton,caleb40@gmail.com,Williamsshire
U0003,Katie Garza,perezchristopher@kelly-williams.com,Christopherfort
U0004,Alex Lyons,owensjames@hotmail.com,North Jessehaven
U0005,Peter Jones,kblankenship@yahoo.com,Pollardport
U0006,Timothy Kelly,lanceandrews@stone.net,Lake Laura
U0007,Nancy Douglas,paige61@hotmail.com,West Kimberlychester
U0008,Shane Copeland,ibryant@willis.biz,Michaelfort
U0009,Laura Bentley,lbenitez@henry.com,Erinchester
U0010,Todd Jackson,jonvance@morales.com,Port Kelly
U0011,Joshua Williams,russellsalinas@hotmail.com,Wilsonshire
U0012,Erica Johnson,jenniferluna@yahoo.com,Port Lisa
U0013,Heather Lowery,morganruben@ford.com,West Maria
U0014,David Roberson,ywilliams@webster-murphy.biz,Mitchellton
U0015,Samantha Hodges,davisrobert@hoffman-greene.biz,Gonzalezshire
U0016,Michael Stevens,knightalison@lindsey.com,Savannahbury
U0017,Pamela Hester,gilmoresusan@davis.info,Michaelmouth
U0018,Shawn Hardin,gsanchez@reed-huffman.net,Jamesfort
U0019,David Brown,juarezryan@murphy-flores.net,East Jorgeshire
U0020,Rachel Hopkins,theodore71@harrington-francis.info,Saundersport
U0021,Beverly Thompson,rhouston@gmail.com,West Jasonland
U0022,Nancy Knight,bill08@yahoo.com,Bryanbury
U0023,Regina Bartlett,gsanders@nelson.com,Port Brian
U0024,Angela Hill,egardner@cortez.net,Rileyburgh
U0025,Eric Herman,stewartmatthew@harris.com,Batesside
U0026,Amy Jones,georgemaria@melton.com,Nguyenberg
U0027,Walter Phillips,larrybailey@gutierrez.com,Port Diane
U0028,Samantha Dixon,kim44@yahoo.com,West Jasontown
U0029,Stacy Hester,estradalisa@daugherty-cross.com,Jasonberg
U0030,Kathryn Wiley,progers@walker.com,East Amandabury
U0031,Samuel Jones,reyeskirk@hotmail.com,Wallacefort
U0032,Emily Smith,christophermason@hotmail.com,Lisamouth
U0033,Danielle Callahan,derek37@gmail.com,New Jennifer
U0034,Tyler Jones,mmann@fleming.com,New Ericaview
U0035,Jill Jackson,frances35@tucker.com,Port Wesleyland
U0036,Justin Smith,michael85@gmail.com,New Michaelton
U0037,Todd Thomas,melissa14@carey-alexander.org,Monroeville
U0038,Sherry Thompson,morganleslie@holt.com,North Davidside
U0039,Kayla Carrillo,patriciabennett@garcia-shepherd.com,Port Danielview
U0040,Tiffany Wagner,imurphy@davidson.com,East Catherine
U0041,Cody Chandler,johnphillips@yahoo.com,East Charles
U0042,Brandon Johnson,willislisa@miller.com,Johnchester
U0043,Mrs. Brittney Scott,lindsey82@owens.info,Ginaborough
U0044,Jesse Hughes,spencer49@hotmail.com,Karenbury
U0045,Joshua Lynch,emoss@williamson-keller.com,Smithmouth
U0046,Michael Bender,dawnthomas@gmail.com,Stephanieborough
U0047,William Harris,erikaroberson@gmail.com,Kathleenhaven
U0048,Angela Fritz,kathy35@lewis-mckee.com,Travisberg
U0049,Jennifer Lopez,jandrade@swanson.org,Ericton
U0050,Mr. Donald Spencer,cynthiabrown@frey.com,New Staceyport
U0051,David Powell,hillthomas@yahoo.com,Port Alisontown
U0052,Tyler Steele,mitchellsmith@yahoo.com,South Deanbury
U0053,John Gilmore,emarks@williams.com,East Martinside
U0054,Lawrence Hart,kiaramartin@parker.com,Port Williamview
U0055,Robert Alvarado,mannangela@olson-jones.net,South Robert
U0056,Tara Thomas,david48@hotmail.com,East Jamesview
U0057,Edgar Jacobs,bgonzales@yahoo.com,Jefferybury
U0058,William Williams,nlucas@gmail.com,Port Marie
U0059,Matthew Lane,sheliamartin@hotmail.com,Port Alejandro
U0060,Margaret Carter,carolinerollins@avila.org,East Anthonyton
U0061,John Schaefer,gonzalessamantha@roth.biz,Port Jenniferside
U0062,Angela Lopez,tracy43@yahoo.com,North Corey
U0063,Ralph Brown,hhorton@beasley.org,New Jeanette
U0064,Denise Ramsey,tiffanymoore@harris.com,Port Mark
U0065,Tiffany Barker,ureyes@yahoo.com,Vickiborough
U0066,Joyce Wallace,patrickmichael@yahoo.com,Dawnton
U0067,Matthew Dyer,ssmith@yahoo.com,Christophermouth
U0068,Mr. Robert Jones,jonesalexandra@villa.com,South Sarah
U0069,Mark Davis,amy15@nelson.org,East Jamesmouth
U0070,Erin Smith,brent82@hamilton-flores.com,Mikaylaville
U0071,Dr. Valerie Murillo,chasematthew@hotmail.com,Patriciaton
U0072,Cheyenne Davis,mccarthyjose@miller.biz,East Maria
U0073,Brian Romero,angela47@gmail.com,Lake Melanie
U0074,Joseph Powell,nlowe@cole.com,East Victoriaville
U0075,Amy Grant,jefferycross@hall.org,Lake Amybury
U0076,Michael Keller,robinsonjeremy@khan.com,Travismouth
U0077,Ricky Payne,jessicahenry@hotmail.com,Gonzalezville
U0078,Bruce Perez,garciaandrew@taylor.biz,South Nicholeburgh
U0079,Steven Wiley,nstewart@evans-cabrera.com,Lake Sarahhaven
U0080,Steven Baldwin,vjackson@baker.net,East Brookehaven
U0081,Taylor Newton,adam07@hotmail.com,North Jamie
U0082,Rhonda Morrow,jessica91@brown.com,Philipville
U0083,Angela Ramirez,fsmith@hotmail.com,Mooretown
U0084,Robert Trevino,jimenezmichael@williams-carter.org,Chrisfurt
U0085,Andrew Terrell,grayteresa@yahoo.com,Smithbury
U0086,Adam Smith,sturner@yahoo.com,Port Matthewton
U0087,Gabrielle Ray,brianstewart@herring-diaz.biz,North Benjamintown
U0088,Matthew Moreno,melissa96@barnes-reynolds.com,Mahoneyborough
U0089,Barbara Waller,jordan94@gmail.com,Port Timothy
U0090,Joseph Edwards DVM,thomaskara@king-sanchez.com,Christinetown
U0091,Sophia Williamson,fryjamie@brown-stark.biz,New Curtis
U0092,Christopher Rodgers,randy06@schneider-robertson.com,North Jeffrey
U0093,Michele Dunlap,hannahalexander@hotmail.com,West William
U0094,Dr. Mary Francis,smallbrian@wilson.net,New Tanyastad
U0095,Christopher Gross,barrettmichael@gmail.com,Donaldmouth
U0096,Olivia Mitchell,chad32@yahoo.com,Odonnellbury
U0097,Kevin Munoz,amystevens@adams-malone.com,Kellyfurt
U0098,Caitlin Stevens,kimberly09@yahoo.com,South Lauramouth
U0099,Michael Campbell,william61@gmail.com,Bartlettborough
U0100,Xavier Roberts,xroberts@barber-lee.com,Alfredchester
